{
  "results": [
    {
      "command": "yarn services:build",
      "mean": 171.72392831759998,
      "stddev": 24.06001951843962,
      "median": 160.43386158479998,
      "user": 270.11517532,
      "system": 26.9679622,
      "min": 152.3274506258,
      "max": 206.85736283379998,
      "times": [
        186.3469007928,
        206.85736283379998,
        160.43386158479998,
        152.6540657508,
        152.3274506258
      ],
      "exit_codes": [
        0,
        0,
        0,
        0,
        0
      ]
    }
  ]
}
