{
  "results": [
    {
      "command": "yarn install",
      "mean": 2.00831534498,
      "stddev": 0.04285520164109993,
      "median": 2.01093088698,
      "user": 2.3792339399999998,
      "system": 0.39928702,
      "min": 1.94494359498,
      "max": 2.05536771998,
      "times": [
        1.9926325109799998,
        2.03770201198,
        2.05536771998,
        1.94494359498,
        2.01093088698
      ],
      "exit_codes": [
        0,
        0,
        0,
        0,
        0
      ]
    }
  ]
}
