{
  "results": [
    {
      "command": "yarn install",
      "mean": 2.2404861092800004,
      "stddev": 0.38257967979695606,
      "median": 2.06591156788,
      "user": 2.43971882,
      "system": 0.41604831999999997,
      "min": 2.02525898388,
      "max": 2.9169716508800003,
      "times": [
        2.0266340678800003,
        2.02525898388,
        2.06591156788,
        2.1676542758800004,
        2.9169716508800003
      ],
      "exit_codes": [
        0,
        0,
        0,
        0,
        0
      ]
    }
  ]
}
