{
  "results": [
    {
      "command": "yarn services:build",
      "mean": 73.66809309574,
      "stddev": 3.919877407576362,
      "median": 73.25964361254,
      "user": 74.54185184,
      "system": 13.222374580000002,
      "min": 68.56345790454,
      "max": 78.09415844554,
      "times": [
        76.95539248754001,
        68.56345790454,
        78.09415844554,
        71.46781302854001,
        73.25964361254
      ],
      "exit_codes": [
        0,
        0,
        0,
        0,
        0
      ]
    }
  ]
}
