{
  "results": [
    {
      "command": "yarn install",
      "mean": 283.69130572422,
      "stddev": 62.83643006246841,
      "median": 260.34298113232,
      "user": 57.66107655999999,
      "system": 65.84897097999999,
      "min": 226.14640325782,
      "max": 437.94098884081995,
      "times": [
        239.18954134082,
        251.96560279882002,
        242.61800604882,
        296.75947509082,
        249.88379725782002,
        226.14640325782,
        294.03465896582,
        437.94098884081995,
        268.72035946581997,
        329.65422417482
      ],
      "exit_codes": [
        0,
        0,
        0,
        0,
        0,
        0,
        0,
        0,
        0,
        0
      ]
    }
  ]
}
