{
  "results": [
    {
      "command": "yarn services:prebuild && cross-env-shell SERVICE_NAME=services yarn build",
      "mean": 177.1655905982,
      "stddev": 9.20216311582668,
      "median": 182.23485470659998,
      "user": 255.99617422,
      "system": 26.018232079999997,
      "min": 162.4891960816,
      "max": 184.9108079976,
      "times": [
        162.4891960816,
        182.33349629059998,
        184.9108079976,
        173.8595979146,
        182.23485470659998
      ],
      "exit_codes": [
        0,
        0,
        0,
        0,
        0
      ]
    }
  ]
}
