{
  "results": [
    {
      "command": "yarn install",
      "mean": 0.6259023583200001,
      "stddev": 0.10518679150882765,
      "median": 0.6132750705200001,
      "user": 0.72836998,
      "system": 0.04345932,
      "min": 0.48004134102,
      "max": 0.85947630002,
      "times": [
        0.48004134102,
        0.52606142502,
        0.62490075902,
        0.71249621602,
        0.58257971702,
        0.57873913402,
        0.85947630002,
        0.66817855002,
        0.60731596602,
        0.61923417502
      ],
      "exit_codes": [
        0,
        0,
        0,
        0,
        0,
        0,
        0,
        0,
        0,
        0
      ]
    }
  ]
}
