{
  "results": [
    {
      "command": "yarn services:prebuild && cross-env-shell SERVICE_NAME=services yarn build",
      "mean": 101.08180398478001,
      "stddev": 6.2053537530961504,
      "median": 98.14581064338,
      "user": 58.95760344,
      "system": 14.299143019999999,
      "min": 94.67846305938,
      "max": 110.02664572638,
      "times": [
        104.76579822638,
        94.67846305938,
        98.14581064338,
        110.02664572638,
        97.79230226838
      ],
      "exit_codes": [
        0,
        0,
        0,
        0,
        0
      ]
    }
  ]
}
